{
    "Triangle": {
        "Color": [
            1.0,
            1.0,
            1.0,
            1.0
        ],
        "rotate": [
            0.0,
            0.0,
            0.0
        ],
        "scale": [
            1.0,
            6.199999809265137,
            1.0
        ],
        "translation": [
            3.200000047683716,
            5.599999904632568,
            0.3840000033378601
        ]
    }
}
